# Industry: Business, professional, labor, political, and similar organizations
# Series ID: CES8081390001
# Denominator: Religious, grantmaking, civic, professional, and similar organizations (CES8081300001)
# Generated: 2026-03-04
date,employment_level,employment_share,log_level,log_share,trend_log_level,predicted_level,resid_log_level,trend_log_share,predicted_share_log_trend,resid_log_share,trend_raw_share,resid_raw_share_pct_dev
2000-01,470.0,0.1755172156247665,6.152732694704104,-1.7400181461591755,,,,,,,,
2000-02,471.6,0.1759045132413278,6.156131168663216,-1.7378139695727437,,,,,,,,
2000-03,472.4,0.1760190774275281,6.157826084323207,-1.7371628953436504,,,,,,,,
2000-04,473.2,0.1762580549037136,6.159518132104232,-1.7358061367526907,,,,,,,,
2000-05,471.8,0.1758741519421457,6.1565551669735745,-1.7379865854944152,,,,,,,,
2000-06,471.2,0.175624301155423,6.155282632337377,-1.7394082180882475,,,,,,,,
2000-07,470.8,0.1754752143123369,6.154433375386121,-1.7402574750395028,,,,,,,,
2000-08,468.4,0.1748217818086813,6.149322631723562,-1.7439882136343883,,,,,,,,
2000-09,473.1,0.1762601989493685,6.159306782637103,-1.7357939725845575,,,,,,,,
2000-10,475.6,0.1771256191575733,6.1645771648166265,-1.730896085380658,,,,,,,,
2000-11,479.5,0.1784252437299992,6.172743894323493,-1.7235855681178167,,,,,,,,
2000-12,477.7,0.1777752967883592,6.168982920395917,-1.727234903753343,,,,,,,,
2001-01,478.7,0.1782004988273833,6.171074096398463,-1.7248459646935475,,,,,,,,
2001-02,480.0,0.1787443211439636,6.173786103901937,-1.7217988677366713,,,,,,,,
2001-03,480.8,0.1789889062616335,6.175451383220998,-1.7204314512539773,,,,,,,,
2001-04,483.3,0.1788410301953819,6.180637578851038,-1.7212579672024972,,,,,,,,
2001-05,485.4,0.1783444170922585,6.184973293292501,-1.7240386707663842,,,,,,,,
2001-06,486.6,0.1776755394895388,6.187442430349423,-1.7277962038897228,,,,,,,,
2001-07,484.9,0.1759561651788954,6.183942684111306,-1.7375203764484963,,,,,,,,
2001-08,489.9,0.176737977560518,6.194201288644529,-1.7330869959784703,,,,,,,,
2001-09,492.0,0.1767749353262432,6.198478716492308,-1.7328779073454241,,,,,,,,
2001-10,494.4,0.1769252791296879,6.203344906143481,-1.7320277873491414,,,,,,,,
2001-11,495.2,0.1764223876874844,6.2049617213703865,-1.7348742291342454,,,,,,,,
2001-12,497.8,0.1763622192304967,6.210198389933492,-1.735215335046415,,,,,,,,
2002-01,498.9,0.1760471435124739,6.212405674866992,-1.737003458945973,,,,,,,,
2002-02,501.0,0.1758326606534938,6.2166061010848646,-1.738222527974677,,,,,,,,
2002-03,501.8,0.1753687006360522,6.218201633932322,-1.7408646605999123,,,,,,,,
2002-04,501.2,0.1751835022719328,6.217005223021913,-1.7419212700281976,,,,,,,,
2002-05,502.0,0.1751998045579869,6.218600119691729,-1.7418282160170726,,,,,,,,
2002-06,502.1,0.1757130358705162,6.21879930304066,-1.7389030926283058,,,,,,,,
2002-07,504.8,0.1766455541169472,6.224162311227003,-1.7336100732437825,,,,,,,,
2002-08,501.6,0.1750785340314136,6.217802989318711,-1.7425206398301292,,,,,,,,
2002-09,496.9,0.1724329388902384,6.208388798608275,-1.7577468781540933,,,,,,,,
2002-10,501.2,0.1734676219153428,6.217005223021913,-1.7517643142130153,,,,,,,,
2002-11,501.4,0.1731772182502676,6.217404185724193,-1.7534398258570074,,,,,,,,
2002-12,500.6,0.1729128527512003,6.215807378997674,-1.7549675527271849,,,,,,,,
2003-01,500.8,0.1727611425417414,6.216206819785889,-1.7558453174492377,,,,,,,,
2003-02,500.2,0.1724708640783394,6.215008018443519,-1.7575269606702764,,,,,,,,
2003-03,502.5,0.1730848718655277,6.219595639933231,-1.7539732159656296,,,,,,,,
2003-04,501.1,0.1725848114344756,6.216805681965679,-1.7568665028464259,,,,,,,,
2003-05,503.4,0.1731920456891213,6.221385082701215,-1.7533542094908545,,,,,,,,
2003-06,502.5,0.1731027593096558,6.219595639933231,-1.7538698763744185,,,,,,,,
2003-07,503.2,0.1734275374806134,6.22098770538623,-1.7519954182444326,,,,,,,,
2003-08,505.7,0.1744635341199199,6.225943608085937,-1.746039532702479,,,,,,,,
2003-09,503.6,0.1734398677503788,6.221782302170192,-1.7519243232404935,,,,,,,,
2003-10,503.5,0.1733218588640275,6.221583712158617,-1.7526049571273947,,,,,,,,
2003-11,499.4,0.1718217787717185,6.213407377845673,-1.7612975092957328,,,,,,,,
2003-12,506.0,0.1737995466098784,6.226536669287466,-1.749852674843095,,,,,,,,
2004-01,506.6,0.1740056330287834,6.227721737567575,-1.7486676065629856,,,,,,,,
2004-02,510.1,0.1749674144199766,6.234606784928881,-1.7431555257110318,,,,,,,,
2004-03,509.4,0.1747033404211537,6.233233562545356,-1.7446659411253649,,,,,,,,
2004-04,511.9,0.1754644546514019,6.238129293463538,-1.7403187941885756,,,,,,,,
2004-05,510.0,0.1750712299612097,6.234410725718371,-1.7425623595224211,,,,,,,,
2004-06,513.5,0.1762605979473449,6.241250029368613,-1.7357917088998054,,,,,,,,
2004-07,506.3,0.1740879551628099,6.227129378975864,-1.7481946180429218,,,,,,,,
2004-08,504.2,0.1733360836083608,6.222973014753819,-1.7525228892293403,,,,,,,,
2004-09,504.1,0.1736539322746219,6.222774661088585,-1.750690855219064,,,,,,,,
2004-10,498.9,0.1722066894480687,6.212405674866992,-1.7590598407739906,,,,,,,,
2004-11,498.0,0.17203855321795,6.210600077024653,-1.7600366806697951,,,,,,,,
2004-12,496.2,0.1717014429565036,6.206979071257701,-1.7619981071739874,,,,,,,,
2005-01,494.2,0.1712404712404712,6.2029402935545095,-1.7646864457793068,,,,,,,,
2005-02,489.3,0.16992533425942,6.192975798295078,-1.7723961486516495,,,,,,,,
2005-03,487.0,0.1696154917804402,6.18826412308259,-1.774221216750808,,,,,,,,
2005-04,488.4,0.1697660676422538,6.1911347422365495,-1.7733338622819912,,,,,,,,
2005-05,487.4,0.169725249852004,6.189085141191105,-1.7735743266965027,,,,,,,,
2005-06,497.5,0.1726351585814421,6.209595556598647,-1.7565748213001866,,,,,,,,
2005-07,498.5,0.17281425500936,6.211603589401893,-1.755537931747517,,,,,,,,
2005-08,494.4,0.1712029918969457,6.203344906143481,-1.764905339393638,,,,,,,,
2005-09,494.8,0.1711459306146449,6.204153640518333,-1.7652386910070188,,,,,,,,
2005-10,492.6,0.1708577572751552,6.199697485686437,-1.7669238974412937,,,,,,,,
2005-11,489.7,0.1697812294144159,6.193792958708272,-1.7732445564780364,,,,,,,,
2005-12,494.3,0.1712395205431996,6.203142620312914,-1.7646919976205495,,,,,,,,
2006-01,495.8,0.1715392865792478,6.20617261960109,-1.7629429623462678,,,,,,,,
2006-02,498.1,0.1721861172566371,6.210800860079238,-1.75917931011862,,,,,,,,
2006-03,500.5,0.1727530028993511,6.215607598755275,-1.7558924335658956,,,,,,,,
2006-04,500.4,0.172807956625341,6.215407778592756,-1.755574378386695,,,,,,,,
2006-05,503.8,0.1736283429831817,6.22217936391851,-1.7508382240501827,,,,,,,,
2006-06,500.7,0.1727147292169713,6.216007119335899,-1.7561140095857568,,,,,,,,
2006-07,502.7,0.173518345932139,6.21999357069853,-1.7514719449424525,,,,,,,,
2006-08,502.8,0.1734211706273928,6.220192476716092,-1.752032130811454,,,,,,,,
2006-09,502.5,0.1729895345634811,6.219595639933231,-1.7545241801668954,,,,,,,,
2006-10,506.1,0.1740491092922484,6.226734278220032,-1.748417782277293,,,,,,,,
2006-11,507.0,0.1742387792975462,6.2285110035911835,-1.7473286256901053,,,,,,,,
2006-12,506.6,0.1738086252444505,6.227721737567575,-1.7498004399688356,,,,,,,,
2007-01,508.3,0.1742424242424242,6.231071824452857,-1.7473077066572213,,,,,,,,
2007-02,510.3,0.1747602739726027,6.234998788069926,-1.744340107192402,,,,,,,,
2007-03,511.3,0.1749050730339,6.236956502085953,-1.7435118920386048,,,,,,,,
2007-04,509.6,0.1741507757501196,6.2336261042579535,-1.7478338276861083,,,,,,,,
2007-05,508.5,0.1737926791756382,6.2314652154886145,-1.7498921891574648,,,,,,,,
2007-06,510.4,0.1739782527184102,6.23519473203058,-1.7488249719557591,,,,,,,,
2007-07,510.8,0.1739841275247794,6.235978124158384,-1.748791205050465,,,,,,,,
2007-08,502.9,0.1714626662120695,6.220391343177919,-1.7633897257995323,,,,,,,,
2007-09,495.8,0.1692265683664414,6.20617261960109,-1.7765168206945794,,,,,,,,
2007-10,499.7,0.1703716331401295,6.214007918350159,-1.769773150627292,,,,,,,,
2007-11,505.9,0.1721158098867077,6.22633902129789,-1.7595877154475708,,,,,,,,
2007-12,516.7,0.1750398048714387,6.247462435293139,-1.7427418745146888,,,,,,,,
2008-01,513.8,0.1737278106508875,6.241834084675783,-1.750265511176759,,,,,,,,
2008-02,516.0,0.1739013211108115,6.246106765481563,-1.7492672606938187,,,,,,,,
2008-03,518.3,0.1745235369385143,6.2505542251956605,-1.7456956642663006,,,,,,,,
2008-04,516.2,0.1737988619911787,6.246494287284514,-1.7498566139790792,,,,,,,,
2008-05,513.6,0.1729409387837565,6.2414447523757515,-1.7548051370862097,,,,,,,,
2008-06,513.2,0.1731093570802132,6.240665632741481,-1.753831762338278,,,,,,,,
2008-07,513.2,0.1730684922267561,6.240665632741481,-1.754067854010398,,,,,,,,
2008-08,515.3,0.1736829687552664,6.244749255334178,-1.7505236603104548,,,,,,,,
2008-09,514.6,0.1736284499628854,6.243389899847644,-1.7508376079084347,,,,,,,,
2008-10,518.3,0.1741306904081975,6.2505542251956605,-1.747949167397784,,,,,,,,
2008-11,511.2,0.1725336663404097,6.236760903063325,-1.7571628943625803,,,,,,,,
2008-12,502.0,0.1701348878194265,6.218600119691729,-1.7711636987917376,,,,,,,,
2009-01,496.2,0.1685920086980157,6.206979071257701,-1.7802736325328645,,,,,,,,
2009-02,496.3,0.168843981764986,6.207180582593395,-1.7787801752791894,,,,,,,,
2009-03,490.0,0.1671385203124467,6.194405391104672,-1.7889323474308834,,,,,,,,
2009-04,489.6,0.1669280600068189,6.193588731198116,-1.7901923377793352,,,,,,,,
2009-05,492.1,0.1672955974842767,6.198681947871933,-1.7879929864325783,,,,,,,,
2009-06,487.4,0.1656470908102229,6.189085141191105,-1.797895712658951,,,,,,,,
2009-07,485.0,0.1648818629950705,6.184148890937483,-1.8025260433670278,,,,,,,,
2009-08,483.8,0.164692265795207,6.181671598175927,-1.8036766022502444,,,,,,,,
2009-09,481.5,0.163730957562568,6.17690623123818,-1.8095307009231878,,,,,,,,
2009-10,477.7,0.1629596779695708,6.168982920395917,-1.8142524831972844,,,,,,,,
2009-11,467.5,0.1600260149243513,6.147399348728742,-1.8324188836879687,,,,,,,,
2009-12,468.1,0.16012177601423,6.148681948306025,-1.8318206531491674,,,,,,,,
2010-01,471.3,0.1608532423208191,6.155494833929685,-1.8272628680814278,6.151487667208053,469.4152011976911,0.0040071667216325935,-1.8204077693431666,0.16195969526849932,-0.006855098738261178,0.16196211570773464,-0.006846498528807391
2010-02,467.2,0.1596882797279283,6.146757431514017,-1.834531615759693,6.151587267210438,469.4619572812644,-0.004829835696420481,-1.8206094874853145,0.1619270283545323,-0.013922128274378442,0.16192980542965937,-0.013842576391563563
2010-03,470.6,0.1605431037423668,6.154008476293262,-1.8291928133251456,6.151686867212824,469.50871802197605,0.002321609080437881,-1.8208112056274626,0.16189436802940985,-0.008381607697683036,0.16189749515158408,-0.008365734182293366
2010-04,471.8,0.1609085638279731,6.1565551669735745,-1.8269190018633625,6.151786467215209,469.55548342028914,0.004768699758365358,-1.8210129237696107,0.16186171429180307,-0.005906078093751876,0.16186518487350882,-0.0059099864265639715
2010-05,471.5,0.1613455155185983,6.155919102073512,-1.824207154371508,6.151886067217594,469.602253476668,0.004033034855917883,-1.8212146419117587,0.1618290671403833,-0.002992512459749186,0.16183287459543355,-0.0030114961379361484
2010-06,469.1,0.160937285577055,6.150815965334412,-1.8267405204617149,6.1519856672199795,469.6490281915765,-0.0011697018855674202,-1.8214163600539066,0.16179642657382212,-0.005324160407808254,0.1618005643173583,-0.005335449501956228
2010-07,480.7,0.1641622839969947,6.175243374899915,-1.806899803859467,6.152085267222365,469.69580756547884,0.02315810767755,-1.8216180781960547,0.16176379259079132,0.014718274336587678,0.161768254039283,0.014799133315306433
2010-08,482.6,0.1650591695738422,6.179188153190932,-1.8014512658865844,6.15218486722475,469.7425915988389,0.027003285966181956,-1.8218197963382028,0.16173116518996306,0.02036853045161835,0.16173594376120773,0.02054723109379442
2010-09,482.0,0.164634354612836,6.1779441140506,-1.804028296764925,6.152284467227135,469.7893802921209,0.02565964682346511,-1.8220215144803509,0.1616985443700097,0.017993217715425835,0.16170363348313246,0.01812402768308376
2010-10,490.2,0.1669220553682705,6.194813471094013,-1.7902283098414822,6.15238406722952,469.8361736457889,0.04242940386449234,-1.8222232326224987,0.16166593012960395,0.031994922781016566,0.16167132320505717,0.03247782017936186
2010-11,482.9,0.1650770861108262,6.179809592879496,-1.801342725629687,6.152483667231905,469.88297166030713,0.027325925647590843,-1.8224249507646468,0.16163332246741866,0.02108222513495983,0.1616390129269819,0.021270070396912078
2010-12,480.0,0.1645469815913064,6.173786103901937,-1.8045591471745437,6.152583267234291,469.9297743361399,0.021202836667645997,-1.822626668906795,0.16160072138212703,0.018067521732251235,0.16160670264890664,0.01819404080527258
2011-01,473.7,0.1630412335650856,6.160574209929706,-1.8137521435090778,6.152682867236676,469.9765816737514,0.007891342693030268,-1.822828387048943,0.16156812687240252,0.009076243539865247,0.16157439237083135,0.009078426183325406
2011-02,470.9,0.1622394487510766,6.154645757249509,-1.818681956322538,6.152782467239061,470.02339367360605,0.0018632900104478267,-1.8230301051910909,0.1615355389369189,0.004348148868552837,0.16154208209275608,0.004316934939095882
2011-03,464.9,0.1607927229965759,6.141822328696539,-1.8276391782577277,6.152882067241446,470.07021033616815,-0.011059738544907383,-1.823231823333239,0.1615029575743501,-0.004407354924488738,0.16150977181468082,-0.0044396621334322085
2011-04,469.2,0.1618544965331677,6.151029116779321,-1.8210575168940526,6.152981667243832,470.1170316619026,-0.0019525504645114822,-1.823433541475387,0.1614703827833704,0.002376024581334457,0.16147746153660555,0.0023349078749090074
2011-05,466.1,0.1609794846998687,6.144400203378695,-1.8264783463412484,6.153081267246217,470.1638576512731,-0.008681063867522099,-1.8236352596175351,0.16143781456265432,-0.0028430867237132507,0.16144515125853026,-0.002884363853801156
2011-06,467.8,0.1615331491712707,6.148040854150079,-1.8230448993555284,6.153180867248603,470.21068830474445,-0.005140013098523966,-1.823836977759683,0.16140525291087668,0.000792078404154628,0.161412840980455,0.0007453446087989849
2011-07,464.6,0.1603727994477045,6.141176820336309,-1.8302541774330419,6.153280467250988,470.2575236227813,-0.012103646914678912,-1.824038695901831,0.1613726978267125,-0.006215481531210765,0.16138053070237973,-0.006244441323183584
2011-08,463.2,0.1592902094294851,6.138158926258786,-1.837027523907887,6.153380067253373,470.3043636058483,-0.015221140994587046,-1.8242404140439792,0.1613401493088371,-0.012787109863907853,0.16134822042430444,-0.01275508951637208
2011-09,461.6,0.1588765746540923,6.13469871519389,-1.839627638244894,6.153479667255758,470.35120825441004,-0.018780952061868028,-1.8244421321861273,0.16130760735592614,-0.015185506058766673,0.16131591014622917,-0.015121481135528863
2011-10,461.9,0.1588540771056161,6.13534841743656,-1.8397692522087288,6.153579267258143,470.3980575689312,-0.01823084982158374,-1.8246438503282751,0.16127507196665544,-0.015125401880453637,0.1612835998681539,-0.015063668993771755
2011-11,464.0,0.159324245441747,6.139884552226255,-1.8368138737619442,6.1536788672605285,470.4449115498767,-0.013794315034273197,-1.8248455684704232,0.1612425431397011,-0.011968305291520931,0.16125128959007864,-0.011950565810856047
2011-12,468.2,0.1605403922644356,6.148895555056811,-1.829209702875465,6.153778467262914,470.4917701977111,-0.0048829122061029295,-1.8250472866125713,0.16121002087373953,-0.004162416262893709,0.16121897931200335,-0.004209101499486049
2012-01,469.6,0.1605579868708971,6.151881268513887,-1.8291001127459445,6.153878067265299,470.5386335128994,-0.001996798751411788,-1.8252490047547194,0.16117750516744742,-0.0038511079912251223,0.1611866690339281,-0.0039003359694632436
2012-02,468.1,0.1600889192886457,6.148681948306025,-1.8320258725636442,6.153977667267684,470.5855014959065,-0.005295718961659368,-1.8254507228968673,0.16114499601950172,-0.006575149666776969,0.16115435875585282,-0.006611297860216522
2012-03,469.6,0.1603989479796427,6.151881268513887,-1.8300911423016386,6.154077267270069,470.63237414719725,-0.0021959987561821492,-1.8256524410390154,0.16111249342857953,-0.004438701262623246,0.16112204847777753,-0.004487905317530614
2012-04,469.3,0.1604993160054719,6.151242222800372,-1.8294655980692975,6.154176867272454,470.6792514672367,-0.0029346444720825815,-1.8258541591811634,0.16107999739335838,-0.0036114388881340886,0.16108973819970226,-0.0036651757016230124
2012-05,469.1,0.1603596212354288,6.150815965334412,-1.830336353174771,6.1542764672748405,470.7261334564903,-0.003460501940428351,-1.8260558773233115,0.161047507912516,-0.004280475851459409,0.161057427921627,-0.00433265758185191
2012-06,466.1,0.1594485495347564,6.144400203378695,-1.836033982245047,6.154376067277226,470.77302011542224,-0.009975863898530335,-1.8262575954654594,0.16101502498473041,-0.009776386779587698,0.1610251176435517,-0.009790821033804353
2012-07,466.5,0.1596782474756118,6.1452580202873985,-1.8345944417070934,6.154475667279611,470.8199114444981,-0.00921764699221228,-1.8264593136076075,0.1609825486086798,-0.008135128099485911,0.16099280736547644,-0.008165333044229797
2012-08,465.7,0.1595136153450933,6.1435416499883315,-1.835625997735261,6.154575267281996,470.866807444183,-0.011033617293664477,-1.8266610317497556,0.16095007878304277,-0.008964965985505335,0.16096049708740118,-0.008989048670259831
2012-09,467.8,0.1597841308877275,6.148040854150079,-1.8339315566654468,6.154674867284381,470.91370811494227,-0.006634013134302563,-1.8268627498919037,0.16091761550649805,-0.007068806773543157,0.1609281868093259,-0.00710910838108141
2012-10,469.8,0.160802300109529,6.152307072224812,-1.827579618175837,6.154774467286766,470.96061345724104,-0.0024673950619540364,-1.8270644680340515,0.16088515877772477,-0.000515150141785492,0.16089587653125062,-0.0005815961461475908
2012-11,468.0,0.1605268573780613,6.148468295917647,-1.8292940147222658,6.1548740672891515,471.0075234715447,-0.006405771371504443,-1.8272661861761996,0.1608527085954022,-0.0020278285460662016,0.16086356625317536,-0.0020931332243630976
2012-12,465.2,0.1596321460435111,6.142467420644509,-1.8348831979352447,6.154973667291537,471.0544381583186,-0.012506246647027375,-1.8274679043183477,0.16082026495820997,-0.007415293616896967,0.1608312559751001,-0.007455702091729299
2013-01,465.2,0.1596979059388946,6.142467420644509,-1.8344713363149252,6.155073267293922,471.10135751802807,-0.012605846649412555,-1.8276696224604958,0.16078782786482795,-0.006801713854429403,0.1607989456970248,-0.006847307072552328
2013-02,465.1,0.1596635770683144,6.142252436230051,-1.8346863207293835,6.155172867296307,471.1482815511386,-0.012920431066255844,-1.8278713406026437,0.16075539731393626,-0.006814980126739867,0.16076663541894953,-0.006861239260003229
2013-03,463.1,0.1591846555754159,6.137943013486706,-1.8376903947936796,6.155272467298692,471.19521025811576,-0.01732945381198636,-1.8280730587447918,0.16072297330421528,-0.009617336048887815,0.16073432514087427,-0.009641186250044495
2013-04,462.4,0.1588239335027821,6.136430317358168,-1.8399590267723933,6.155372067301077,471.242143639425,-0.018941749942909425,-1.8282747768869398,0.16069055583434566,-0.011684249885453468,0.160702014862799,-0.011686731878379621
2013-05,464.6,0.1590660093125171,6.141176820336309,-1.8384360100051185,6.155471667303463,471.28908169553193,-0.014294846967153774,-1.828476495029088,0.16065814490300834,-0.009959514976030537,0.1606697045847237,-0.009981317114832638
2013-06,464.8,0.1588408174424168,6.141607205537701,-1.8398527264063604,6.155571267305849,471.3360244269026,-0.013964061768147573,-1.8286782131712358,0.16062574050888453,-0.011174513235124639,0.16063739430664845,-0.011184051334909484
2013-07,462.7,0.1581069536989578,6.137078895912954,-1.8444835528183217,6.155670867308234,471.38297183400186,-0.018591971395279572,-1.8288799313133839,0.16059334265065567,-0.01560362150493777,0.16060508402857318,-0.015554490972221878
2013-08,465.4,0.1588558555483496,6.142897250868192,-1.8397580568223042,6.155770467310619,471.42992391729587,-0.012873216442427449,-1.829081649455532,0.1605609513270035,-0.010676407366772223,0.1605727737504979,-0.010692461505435995
2013-09,461.8,0.1577078068437948,6.135131896920395,-1.847011281838987,6.155870067313004,471.47688067725034,-0.020738170392609057,-1.82928336759768,0.16052856653660996,-0.01772791424130693,0.16054046347242262,-0.017644502621698376
2013-10,466.5,0.1592041498873797,6.1452580202873985,-1.8375679387798143,6.155969667315389,471.52384211433116,-0.010711647027990878,-1.8294850857398282,0.16049618827815734,-0.008082853039986126,0.16050815319434736,-0.008124218496170416
2013-11,471.2,0.160239406923757,6.155282632337377,-1.8310862888061803,6.156069267317775,471.5708082290042,-0.0007866349803977712,-1.829686803881976,0.16046381655032824,-0.001399484924204275,0.1604758429162721,-0.0014733432036774835
2013-12,479.2,0.1626612355736592,6.1721180468012395,-1.816085550221336,6.15616886732016,471.61777902173526,0.015949179481079767,-1.829888522024124,0.1604314513518053,0.013802971802788111,0.1604435326381968,0.013822326765039212
2014-01,476.3,0.16135917067552,6.166047907806814,-1.824122524940861,6.156268467322545,471.6647544929904,0.009779440484269486,-1.8300902401662722,0.16039909268127167,0.005967715225411174,0.16041122236012154,0.005909488759273508
2014-02,476.2,0.1612706583581685,6.165837934052762,-1.8246712176630264,6.15636806732493,471.7117346432356,0.0094698667278319,-1.83029195830842,0.16036674053741068,0.00562074064539364,0.16037891208204627,0.005560246447276295
2014-03,477.6,0.1614932034895516,6.168773562078393,-1.823292220860995,6.156467667327315,471.75871947293695,0.01230589475107724,-1.8304936764505682,0.16033439491890586,0.007201455589573191,0.16034660180397098,0.007150770098529283
2014-04,477.4,0.1613164830708927,6.16835471390473,-1.8243871101637046,6.1565672673297005,471.8057089825605,0.011787446575029392,-1.8306953945927162,0.16030205582444104,0.006308284429011657,0.1603142915258957,0.006251417359350602
2014-05,477.0,0.1612957765529367,6.1675164908883415,-1.82451547799454,6.156666867332086,471.8527031725723,0.01084962355625585,-1.8308971127348643,0.16026972325270042,0.006381634740324271,0.16028198124782045,0.006325073456315511
2014-06,476.1,0.1611876629312388,6.1656279162004735,-1.8251859845230074,6.156766467334472,471.89970204343916,0.008861448866001709,-1.8310988308770124,0.16023739720236832,0.005912846354005019,0.16024967096974518,0.0058533159900883485
2014-07,477.3,0.1616815148538328,6.168145224011851,-1.8221268364735097,6.156866067336857,471.9467055956264,0.011279156674993907,-1.8313005490191603,0.16020507767212944,0.00917371254565058,0.1602173606916699,0.009138548755528478
2014-08,477.9,0.161890243902439,6.169401505584112,-1.8208366801362508,6.156965667339242,471.9937138296006,0.012435838244869934,-1.8315022671613084,0.1601727646606686,0.010665587025057599,0.16018505041359463,0.010645147499355275
2014-09,475.9,0.1613384411974099,6.165207748127065,-1.8242510011202682,6.157065267341627,472.04072674582824,0.008142480785437556,-1.8317039853034565,0.16014045816667105,0.007452984183188294,0.16015274013551936,0.0074035640032584235
2014-10,476.2,0.1612925077902723,6.165837934052762,-1.824535743843135,6.1571648673440125,472.0877443447757,0.008673066708749566,-1.8319057034456045,0.1601081581888222,0.007369959602469445,0.16012042985744407,0.007319977431185584
2014-11,475.1,0.1608926817704629,6.163525308192876,-1.8270177091103998,6.157264467346398,472.13476662690925,0.006260840846477933,-1.8321074215877524,0.16007586472580784,0.00508971247735257,0.1600881195793688,0.0050257457780632266
2014-12,476.1,0.161280487804878,6.1656279162004735,-1.8246102695198902,6.157364067348783,472.1817935926955,0.008263848851690625,-1.8323091397299005,0.1600435777763138,0.007698870210010256,0.16005580930129354,0.007651571716957112
2015-01,473.0,0.1604804234240347,6.159095388491933,-1.82958331628723,6.157463667351168,472.2288252426009,0.001631721140764597,-1.8325108578720486,0.16001129733902641,0.0029275415848186714,0.16002349902321825,0.002855358141807438
2015-02,474.3,0.1607742110436934,6.161840032883536,-1.8277543141808799,6.157563267353553,472.27586157709203,0.0042767655299824625,-1.8327125760141967,0.15997902341263215,0.004958261833316824,0.15999118874514298,0.004894158888948188
2015-03,471.4,0.1599918544664675,6.155706990502031,-1.8326323746288251,6.157662867355938,472.3229025966355,-0.0019558768539074123,-1.8329142941563445,0.1599467559958178,0.0002819195275194364,0.15995887846706772,0.00020615297953945638
2015-04,473.2,0.1606300281747513,6.159518132104232,-1.8286515200109257,6.1577624673583236,472.369948301698,0.0017556647459082697,-1.8331160122984926,0.1599144950872704,0.004464492287566957,0.15992656818899245,0.004398643663306416
2015-05,474.6,0.1611928132323472,6.162472344001663,-1.8251540328293432,6.157862067360709,472.4169986927462,0.004610276640954147,-1.8333177304406407,0.1598822406856772,0.008163697611297538,0.15989425791091716,0.008121338054262713
2015-06,470.1,0.160306905370844,6.152945438030085,-1.8306651424975457,6.157961667363094,472.4640537702468,-0.005016229333008937,-1.8335194485827888,0.15984999278972578,0.0028543060852430635,0.1598619476328419,0.0027833874451726496
2015-07,469.8,0.1597687468117667,6.152307072224812,-1.8340278416751983,6.15806126736548,472.51111353466706,-0.005754195140667662,-1.8337211667249367,0.15981775139810403,-0.0003066749502615984,0.15982963735476663,-0.00038097153949473526
2015-08,466.2,0.15893362424573,6.144614726601657,-1.8392686214956016,6.158160867367865,472.55817798647297,-0.013546140766208303,-1.8339228848670848,0.15978551650949993,-0.005345736628516784,0.15979732707669134,-0.005404989224549629
2015-09,467.6,0.1593511450381679,6.147613229597914,-1.8366450524642326,6.15826046737025,472.60524712613187,-0.01064723777233656,-1.8341246030092329,0.15975328812260192,-0.0025204494549997403,0.15976501679861607,-0.002590503032149051
2015-10,466.0,0.1591367004746781,6.144185634125646,-1.8379916947233834,6.1583600673726355,472.6523209541107,-0.01417443324698997,-1.834326321151381,0.15972106623609858,-0.0036653735720024727,0.1597327065205408,-0.0037312711895110175
2015-11,466.5,0.1590630114566284,6.1452580202873985,-1.8384548567980425,6.158459667375021,472.6993994708763,-0.01320164708762217,-1.8345280392935288,0.15968885084867884,-0.0039268175045137355,0.15970039624246554,-0.00399112839312825
2015-12,468.1,0.159412886527721,6.148681948306025,-1.8362576719306014,6.158559267377406,472.7464826768959,-0.00987731907138123,-1.834729757435677,0.1596566419590318,-0.0015279144949245094,0.15966808596439025,-0.001598312118090747
2016-01,470.2,0.1599809465482631,6.1531581361059695,-1.832700554912737,6.158658867379791,472.79357057263644,-0.0055007312738215575,-1.834931475577825,0.15962443956584688,0.0022309206650878988,0.15963577568631498,0.0021622400145839757
2016-02,474.1,0.1612310831491243,6.161418269908073,-1.824916643991938,6.158758467382176,472.84066315856506,0.002659802525896815,-1.835133193719973,0.15959224366781374,0.010216549728035096,0.15960346540823972,0.010197884718363678
2016-03,476.8,0.1619565217391304,6.16709711575114,-1.8204273640976272,6.158858067384561,472.88776043514895,0.00823904836657885,-1.835334911862121,0.15956005426362244,0.014907547764493767,0.15957115513016443,0.014948607766987611
2016-04,477.1,0.1618989446537038,6.167726112522061,-1.8207829368268729,6.158957667386947,472.93486240285534,0.008768445135114433,-1.835536630004269,0.15952787135196303,0.014753693177396165,0.15953884485208916,0.014793261188538276
2016-05,477.2,0.1621199252590453,6.167935690223761,-1.8194189382445554,6.159057267389332,472.98196906215145,0.008878422834428967,-1.8357383481464171,0.15949569493152604,0.01631940990186176,0.1595065345740139,0.016384223329852066
2016-06,479.8,0.1628317382746216,6.173369350405594,-1.8150378918676597,6.159156867391717,473.0290804135046,0.014212483013877453,-1.8359400662885652,0.15946352500100222,0.020902174420905473,0.1594742242959386,0.021053646716302037
2016-07,479.9,0.1626448857859418,6.1735777488642,-1.8161860696192669,6.159256467394102,473.07619645738214,0.014321281470097702,-1.836141784430713,0.1594313615590826,0.0199557148114462,0.15944191401786334,0.020088643490065044
2016-08,481.5,0.1627128953771289,6.17690623123818,-1.8157680092800643,6.159356067396488,473.12331719425185,0.017550163841692168,-1.8363435025728612,0.1593992046044584,0.020575493292796843,0.15940960373978807,0.020722036563951027
2016-09,484.5,0.1633568225496476,6.183117431330821,-1.8118183753570063,6.159455667398873,473.17044262458046,0.023661763931947632,-1.8365452207150093,0.1593670541358211,0.024726845358002958,0.1593772934617128,0.0249692349612574
2016-10,481.5,0.1622195269860521,6.17690623123818,-1.8188047562235379,6.159555267401259,473.2175727488357,0.017350963836921807,-1.8367469388571573,0.15933491015186257,0.017942182633619463,0.15934498318363752,0.018039750891321198
2016-11,485.6,0.1632268907563025,6.185385239745289,-1.8126140782344418,6.159654867403644,473.2647075674853,0.02573037234164488,-1.8369486569993052,0.15930277265127488,0.024334578764863446,0.15931267290556225,0.024569406685308288
2016-12,472.4,0.1596161643465333,6.157826084323207,-1.8349833187281888,6.159754467406029,473.3118470809967,-0.0019283830828218385,-1.8371503751414533,0.15927064163275026,0.0021670564132645342,0.159280362627487,0.0021082430596398574
2017-01,474.2,0.1597547417713842,6.161629173631305,-1.8341155037150287,6.159854067408414,473.35899128983755,0.0017751062228912318,-1.8373520932836014,0.15923851709498132,0.0032365895685726453,0.1592480523494117,0.0031817621283101926
2017-02,474.8,0.1597899979807498,6.162893662735513,-1.8338948384677396,6.159953667410799,473.4061401944756,0.0029399953247137844,-1.8375538114257495,0.15920639903666095,0.003658972958009876,0.15921574207133643,0.0036067784626226153
2017-03,471.8,0.1586682360854212,6.1565551669735745,-1.840939822173074,6.1600532674131845,473.45329379537856,-0.0034981004396099635,-1.8377555295678973,0.15917428745648227,-0.0031842926051766085,0.15918343179326117,-0.0032364907706543575
2017-04,469.9,0.1579389620865824,6.15251990610877,-1.8455466365020903,6.16015286741557,473.50045209301413,-0.007632961306799579,-1.8379572477100454,0.15914218235313857,-0.007589388792044849,0.1591511215151859,-0.007616405194404126
2017-05,472.0,0.1583255065074466,6.156978985585555,-1.843102197421984,6.160252467417955,473.5476150878502,-0.0032734818323998383,-1.8381589658521935,0.1591100837253235,-0.004943231569790374,0.1591188112371106,-0.004985612470934544
2017-06,471.9,0.158254803984037,6.156767098732342,-1.84354886148947,6.16035206742034,473.5947827803546,-0.003584968687998291,-1.8383606839943416,0.15907799157173103,-0.005188177495128343,0.15908650095903534,-0.00522795441463958
2017-07,467.7,0.1568568266425193,6.147827064731841,-1.8524218219102295,6.160451667422725,473.64195517099523,-0.012624602690884501,-1.8385624021364895,0.15904590589105533,-0.013859419773740056,0.15905419068096008,-0.013815191093256908
2017-08,466.2,0.1563013377141516,6.144614726601657,-1.8559694829595228,6.16055126742511,473.68913226024006,-0.015936540823453527,-1.8387641202786376,0.1590138266819907,-0.01720536268088524,0.15902188040288479,-0.017107977102525956
2017-09,468.8,0.1570361437711452,6.1501762382628025,-1.851279285026424,6.1606508674274965,473.7363140485576,-0.010474629164693994,-1.8389658384207856,0.15898175394323197,-0.012313446605638267,0.15898957012480952,-0.012286506291770305
2017-10,470.9,0.1575601432060762,6.154645757249509,-1.8479480319811639,6.160750467429882,473.78350053641486,-0.006104710180372841,-1.8391675565629337,0.158949687673474,-0.008780475418230127,0.15895725984673426,-0.008789259716763805
2017-11,471.0,0.1575936025696791,6.154858094016418,-1.847735695214255,6.160850067432267,473.8306917242806,-0.005991973415849117,-1.8393692747050816,0.1589176278714121,-0.008366420509173356,0.158924949568659,-0.00837720573511783
2017-12,471.6,0.1578049188556131,6.156131168663216,-1.8463956996010935,6.160949667434652,473.87788761262277,-0.0048184987714359195,-1.8395709928472297,0.15888557453574162,-0.006824706753863818,0.1588926392905837,-0.006845631363586155
2018-01,473.7,0.1584863996788116,6.160574209929706,-1.8420864957892142,6.161049267437037,473.92508820190966,-0.0004750575073311225,-1.8397727109893778,0.15885352766515842,-0.0023137847998364602,0.15886032901250843,-0.0023538244948957667
2018-02,471.5,0.157413280806597,6.155919102073512,-1.8488805704045723,6.161148867439422,473.9722934926095,-0.005229765365910133,-1.8399744291315259,0.15882148725835843,-0.008906141273046453,0.15882801873443317,-0.008907357398959103
2018-03,473.0,0.157650901576509,6.159095388491933,-1.8473721741586473,6.1612484674418075,474.0195034851905,-0.0021530789498749314,-1.8401761472736737,0.15878945331403801,-0.007196026884973561,0.15879570845635788,-0.007209306164363477
2018-04,474.8,0.1581928433397747,6.162893662735513,-1.8439404627263767,6.161348067444193,474.0667181801211,0.0015455952913203674,-1.8403778654158218,0.15875742583089358,-0.0035625973105548603,0.1587633981782826,-0.00359374292220176
2018-05,477.0,0.1587829965713525,6.1675164908883415,-1.8402168103896885,6.161447667446578,474.1139375778696,0.006068823441763627,-1.84057958355797,0.158725404807622,0.00036277316828137174,0.15873108790020735,0.0003270227138983076
2018-06,475.5,0.1580994813140045,6.164366881985445,-1.844530815518427,6.161547267448963,474.1611616789044,0.0028196145364818292,-1.840781301700118,0.15869339024292034,-0.0037495138183090138,0.15869877762213205,-0.003776313322050269
2018-07,476.6,0.1588031454085033,6.166677564664642,-1.8400899230069319,6.161646867451348,474.2083904836941,0.0050306972132938554,-1.840983019842266,0.15866138213548586,0.0008930968353342283,0.1586664673440568,0.0008614174547047068
2018-08,475.6,0.1588032989415339,6.1645771648166265,-1.8400889561938627,6.1617464674537334,474.2556239927071,0.0028306973628930976,-1.841184737984414,0.15862938048401623,0.0010957817905512535,0.15863415706598152,0.0010662386883173738
2018-09,474.5,0.1584942213908744,6.162261618049983,-1.8420371444311532,6.161846067456119,474.302862206412,0.0004155505938641113,-1.841386456126562,0.1585973852872092,-0.0006506883045911405,0.15860184678790626,-0.0006785885486931076
2018-10,472.4,0.1578138571524019,6.157826084323207,-1.8463390597718399,6.161945667458505,474.3501051252779,-0.004119583135297589,-1.8415881742687101,0.15856539654376295,-0.0047508855031297426,0.15856953650983097,-0.0047656023600864674
2018-11,470.9,0.1573074995824286,6.154645757249509,-1.849552793115898,6.16204526746089,474.39735274977244,-0.007399510211381077,-1.8417898924108582,0.15853341425237583,-0.00776290070503971,0.1585372262317557,-0.007756705970933575
2018-12,470.9,0.1570609032085918,6.154645757249509,-1.8511216303287055,6.162144867463275,474.4446050803649,-0.007499110213766258,-1.841991610553006,0.15850143841174646,-0.009130019775699383,0.15850491595368044,-0.00911020794781283
2019-01,472.5,0.1572902796271637,6.158037746933798,-1.8496622659502284,6.16224446746566,474.49186211752397,-0.004206720531862551,-1.8421933286951542,0.15846946902057377,-0.007468937255074248,0.15847260567560514,-0.007460759816505375
2019-02,470.9,0.1568516421291053,6.154645757249509,-1.852454874976567,6.162344067468045,474.5391238617185,-0.007698310218536619,-1.8423950468373023,0.15843750607755686,-0.01005982813926476,0.15844029539752988,-0.01002682596897854
2019-03,475.3,0.1579699547992555,6.163946183619964,-1.845350423536163,6.162443667470431,474.58639031341727,0.0015025161495332284,-1.8425967649794504,0.1584055495813952,-0.0027536585567127236,0.15840798511945461,-0.0027652035335769647
2019-04,476.0,0.1579768344893963,6.16541785423142,-1.8453068738602356,6.162543267472816,474.63366147308915,0.002874586758604636,-1.8427984831215982,0.15837359953078847,-0.0025083907386374005,0.15837567484137935,-0.002518318247941136
2019-05,472.7,0.157048406923818,6.158460937799191,-1.8512011968004864,6.162642867475201,474.68093734120316,-0.004181929676009943,-1.8430002012637463,0.1583416559244366,-0.008200995536740141,0.15834336456330406,-0.00817816169978092
2019-06,475.5,0.1576539239415138,6.164366881985445,-1.8473530030914114,6.162742467477586,474.72821791822827,0.0016244145078587735,-1.8432019194058944,0.1583097187610398,-0.004151083685516976,0.1583110542852288,-0.004150880977212294
2019-07,474.1,0.1572783970276008,6.161418269908073,-1.8497378144739716,6.162842067479971,474.7755032046335,-0.0014237975718982554,-1.8434036375480425,0.15827778803929854,-0.00633417692592908,0.15827874400715353,-0.006320159954690557
2019-08,475.7,0.1579611489291051,6.164787403438236,-1.84540616904554,6.1629416674823565,474.8227932008879,0.0018457359558796682,-1.8436053556901904,0.1582458637579136,-0.0018008133553495398,0.15824643372907823,-0.0018027881782255808
2019-09,473.4,0.1575898801597869,6.159940697079883,-1.847759315804142,6.163041267484742,474.8700879074605,-0.0031005704048583382,-1.8438070738323384,0.1582139459155859,-0.0039522419718036605,0.15821412345100297,-0.003945559837516
2019-10,475.7,0.1583397130779216,6.164787403438236,-1.8430124713036362,6.163140867487128,474.91738732482116,0.0016465359511084188,-1.8440087919744865,0.1581820345110167,0.0009963206708503147,0.1581818131729277,0.0009982178218003023
2019-11,477.6,0.1588399627510975,6.168773562078393,-1.8398581072249216,6.163240467489513,474.96469145343804,0.005533094588879628,-1.8442105101166346,0.15815012954290758,0.004352402891713014,0.1581495028948524,0.004365868014799513
2019-12,478.0,0.1588567630442007,6.169610732491456,-1.8397523441385895,6.163340067491898,475.01200029378083,0.006270664999558306,-1.8444122282587825,0.1581182310099603,0.004659884120193025,0.15811719261677715,0.0046773561760360466
2020-01,479.0,0.1592737913147569,6.171700597410915,-1.8371305996773046,6.163439667494283,475.05931384631896,0.008260929916631632,-1.8446139464009306,0.15808633891087687,0.007483346723625939,0.15808488233870188,0.007520700009174537
2020-02,482.0,0.1603139759196434,6.1779441140506,-1.830621037143134,6.1635392674966685,475.1066321115217,0.014404846553931705,-1.8448156645430787,0.1580544532443596,0.014194627399944704,0.15805257206062662,0.014307921911889726
2020-03,480.1,0.1603701105655209,6.173994415536895,-1.8302709440214822,6.163638867499054,475.15395508985847,0.010355548037841444,-1.8450173826852267,0.15802257400911104,0.014746438663744588,0.15802026178255132,0.01487055366484045
2020-04,437.3,0.1608962802163435,6.080619458418875,-1.8269953438567348,6.163738467501439,475.20128278179874,-0.08311900908256398,-1.8452191008273746,0.15799070120383413,0.018223756970639826,0.15798795150447606,0.01840854751373268
2020-05,441.2,0.1625345367470989,6.089498287379348,-1.8168647659661585,6.163838067503824,475.248615187812,-0.07433978012447628,-1.8454208189695227,0.1579588348272318,0.028556053003364168,0.1579556412264008,0.02898848996557887
2020-06,443.3,0.1622442630750649,6.094246741751008,-1.818652282574284,6.163937667506209,475.29595230836776,-0.06969092575520097,-1.8456225371116708,0.1579269748780075,0.026970254537386884,0.1579233309483255,0.02736094851085214
2020-07,450.1,0.1644080797749936,6.109469780298887,-1.8054036505178948,6.164037267508594,475.3432941439357,-0.05456748720970772,-1.8458242552538189,0.1578951213548648,0.040420604735924126,0.15789102067025024,0.04127567911764924
2020-08,455.5,0.1657207305537364,6.121395716700013,-1.7974512534207387,6.16413686751098,475.3906406949854,-0.042741150810966744,-1.8460259733959667,0.15786327425650765,0.048574719975228,0.15785871039217497,0.049804158047595116
2020-09,459.6,0.1654606328977211,6.130356545974601,-1.7990219801475107,6.164236467513365,475.4379919619865,-0.03387992153876418,-1.8462276915381148,0.15783143358164006,0.047205711390604144,0.1578264001140997,0.0483710759296433
2020-10,453.4,0.1635347159603246,6.1167747380734285,-1.8107299811510935,6.16433606751575,475.4853479454088,-0.04756132944232139,-1.846429409680263,0.1577995993289665,0.03569942852916941,0.15779408983602441,0.03638048884001734
2020-11,449.2,0.1632326756059449,6.107468222864288,-1.812578638319432,6.164435667518136,475.5327086457225,-0.056967444653848176,-1.846631127822411,0.15776777149719162,0.03405248950297901,0.15776177955794915,0.034678209534180465
2020-12,448.6,0.1638960944064886,6.106131622086108,-1.8085226226408067,6.164535267520521,475.5800740633965,-0.05840364543441279,-1.8468328459645589,0.15773595008502037,0.038310223323752224,0.15772946927987389,0.03909621426337724
2021-01,444.2,0.162549859113697,6.096274911460327,-1.8167704989585474,6.164634867522906,475.62744419890123,-0.06835995606257939,-1.847034564106707,0.15770413509115785,0.030264065148159602,0.1576971590017986,0.030772273531212112
2021-02,443.2,0.162737754277741,6.094021135433074,-1.815615243257401,6.1647344675252915,475.6748190527065,-0.07071333209221731,-1.847236282248855,0.15767232651430957,0.031621038991453965,0.15766484872372333,0.032175247654009115
2021-03,442.3,0.1630238472595923,6.0919883848742815,-1.813858786670411,6.164834067527677,475.7221986252823,-0.0728456826533952,-1.8474380003910031,0.1576405243531812,0.03357921372059214,0.15763253844564806,0.034201750901849244
2021-04,438.4,0.1610935547879767,6.083131735633806,-1.8257699971229526,6.164933667530062,475.7695829170987,-0.08180193189625573,-1.847639718533151,0.15760872860647876,0.021869721410198384,0.1576002281675728,0.022165745957483877
2021-05,440.2,0.1614701782701195,6.087229169092361,-1.8234348080443818,6.165033267532447,475.8169719286257,-0.07780409844008584,-1.847841436675299,0.1575769392729084,0.02440662863091725,0.1575679178894975,0.02476557685656959
2021-06,449.3,0.1631385933698849,6.107690816076114,-1.8131551733738887,6.165132867534832,475.8643656603334,-0.05744205145871817,-1.8480431548174472,0.1575451563511766,0.034887981443558536,0.15753560761142224,0.035566471881601516
2021-07,448.1,0.1616930682351243,6.105016421792097,-1.8220553813753009,6.165232467537217,475.911764112692,-0.060216045745120184,-1.8482448729595953,0.15751337983999017,0.0261894915842944,0.15750329733334698,0.026601163103969254
2021-08,445.5,0.1604711476118435,6.099197246910864,-1.829641118230145,6.165332067539603,475.9591672861717,-0.06613482062873821,-1.8484465911017431,0.1574816097380561,0.01880547287159806,0.15747098705527168,0.019052148034855297
2021-09,446.0,0.1604028052508541,6.100318952020064,-1.830067094607555,6.165431667541988,476.0065751812427,-0.06511271552192355,-1.8486483092438912,0.15744984604408163,0.01858121463633622,0.15743867677719642,0.018827193764162826
2021-10,448.2,0.1607546357734658,6.105239561366827,-1.8278760778760852,6.165531267544373,476.05398779837526,-0.06029170617754609,-1.8488500273860393,0.1574180887567743,0.020973949509954126,0.15740636649912115,0.021271498407679335
2021-11,449.7,0.1610211973646519,6.108580693776662,-1.826219262014165,6.165630867546758,476.10140513803987,-0.05705017377009636,-1.8490517455281874,0.15738633787484188,0.02283248351402234,0.1573740562210459,0.023174983419651293
2021-12,453.3,0.1619102046647855,6.116554157946804,-1.820713389619143,6.165730467549144,476.14882720070716,-0.04917630960234032,-1.8492534636703353,0.1573545933969925,0.0285400740511923,0.1573417459429706,0.029035261395095834
2022-01,454.8,0.1622084314145088,6.119857761876381,-1.818873157058055,6.165830067551529,476.1962539868469,-0.045972305675148206,-1.8494551818124834,0.15732285532193438,0.030582024754428394,0.15730943566489533,0.03114241513172446
2022-02,457.3,0.1624973349442115,6.125339630664009,-1.8170936776901458,6.165929667553915,476.2436854969298,-0.04059003688990526,-1.8496568999546315,0.15729112364837614,0.0325632222644856,0.15727712538682007,0.03319115570399978
2022-03,457.8,0.1625594773098501,6.126432407518466,-1.8167113299647453,6.1660292675563,476.2911217314266,-0.03959686003783336,-1.8498586180967795,0.15725939837502656,0.03314728813203427,0.15724481510874477,0.033798648288847544
2022-04,462.4,0.1639367510458767,6.136430317358168,-1.8082745898999724,6.166128867558685,476.3385626908077,-0.029698550200516927,-1.8500603362389274,0.15722767950059482,0.04178574633895504,0.1572125048306695,0.042771700778190355
2022-05,466.8,0.1656317638292587,6.145900900412401,-1.7979882448611153,6.16622846756107,476.3860083755438,-0.020327567148669345,-1.8502620543810755,0.1571959670237902,0.05227380951996019,0.15718019455259424,0.053769937750245446
2022-06,460.6,0.1636060100166944,6.132529987386585,-1.810294119444878,6.166328067563455,476.4334587861055,-0.03379808017687047,-1.8504637725232236,0.15716426094332234,0.040169653078345524,0.15714788427451895,0.0410958491231982
2022-07,460.1,0.1632776180843891,6.131443857161423,-1.8123033485071565,6.1664276675658405,476.4809139229636,-0.03498381040441778,-1.8506654906653717,0.15713256125790107,0.03836214215821521,0.15711557399644369,0.03921981717792588
2022-08,458.5,0.1625655935328322,6.127960291696519,-1.8166737061483662,6.166527267568226,476.5283737865889,-0.03856697587170643,-1.8508672088075195,0.15710086796623662,0.03419350265915333,0.15708326371836842,0.034900788821735626
2022-09,464.0,0.1642768631616215,6.139884552226255,-1.8062020845390618,6.166626867570611,476.5758383774521,-0.02674231534435556,-1.8510689269496676,0.1570691810670393,0.04486684241060579,0.15705095344029316,0.04600997041431807
2022-10,467.8,0.1656105073105108,6.148040854150079,-1.7981165891011421,6.166726467572996,476.6233076960241,-0.018685613422917413,-1.8512706450918157,0.15703750055901974,0.05315405599067358,0.15701864316221786,0.05471875170527731
2022-11,472.4,0.1670261287699324,6.157826084323207,-1.7896050191037303,6.166826067575381,476.6707817427758,-0.008999983252174104,-1.8514723632339638,0.15700582644088895,0.06186734413023354,0.1569863328841426,0.06395331173955925
2022-12,473.1,0.1671790522633308,6.159306782637103,-1.7886898716868151,6.166925667577766,476.7182605181781,-0.0076188849406637615,-1.8516740813761117,0.15697415871135806,0.06298420968929652,0.15695402260606733,0.06514665560962944
2023-01,474.3,0.1675202203934588,6.161840032883536,-1.7866512162360217,6.1670252675801525,476.7657440227025,-0.005185234696616803,-1.8518757995182598,0.15694249736913846,0.06522458328223801,0.15692171232799204,0.06754009950716147
2023-02,474.4,0.16772140710624,6.162050847683516,-1.785450967099695,6.167124867582538,476.8132322568192,-0.005074019899021565,-1.8520775176604078,0.1569108424129419,0.06662655056071287,0.15688940204991678,0.06904229931908887
2023-03,474.8,0.1678450226244343,6.162893662735513,-1.784714209707812,6.167224467584923,476.8607252209997,-0.004330804849409731,-1.852279235802556,0.1568791938414803,0.06756502609474402,0.1568570917718415,0.07005058380513274
2023-04,475.0,0.1677852348993288,6.163314804034641,-1.7850704810772586,6.167324067587308,476.9082229157151,-0.004009263552666731,-1.852480953944704,0.1568475516534659,0.06741047286744539,0.15682478149376625,0.0698898050497092
2023-05,475.5,0.1675948117862681,6.164366881985445,-1.786206047342487,6.167423667589693,476.9557253414366,-0.003056785604248269,-1.852682672086852,0.15681591584761118,0.06647662474436489,0.15679247121569095,0.06889578617405001
2023-06,472.0,0.1659459269416024,6.156978985585555,-1.7960932850064684,6.167523267592078,477.00323249863544,-0.010544282006523353,-1.852884390229,0.15678428642262882,0.05679110522253161,0.1567601609376157,0.058597579570247325
2023-07,468.9,0.1644224700189354,6.15038952609554,-1.8053161267524782,6.1676228675944635,477.0507443877829,-0.017233341498923416,-1.853086108371148,0.15675266337723184,0.047769981618669854,0.15672785065954042,0.04909541812137765
2023-08,472.4,0.1651113208206633,6.157826084323207,-1.8011353609297698,6.167722467596849,477.0982610093503,-0.009896383273641618,-1.8532878265132962,0.1567210467101335,0.052152465583526375,0.15669554038146513,0.05370784911115205
2023-09,472.6,0.1653314675529123,6.158249364752807,-1.799802925951219,6.167822067599234,477.145782363809,-0.00957270284642675,-1.853489544655444,0.15668943642004735,0.053686618704225086,0.15666323010338987,0.05533038891003231
2023-10,473.4,0.1653799126637554,6.159940697079883,-1.7995099507826118,6.167921667601619,477.1933084516305,-0.007980970521735742,-1.853691262797592,0.15665783250568707,0.05418131201498033,0.1566309198253146,0.05585738019158841
2023-11,476.6,0.1659239660214455,6.166677564664642,-1.7962256315715206,6.168021267604004,477.24083927328616,-0.0013437029393621458,-1.8538929809397402,0.15662623496576675,0.0576673493682196,0.1565986095472393,0.05954942065684886
2023-12,475.5,0.1652533537221102,6.164366881985445,-1.800275505617488,6.1681208676063894,477.2883748292475,-0.0037539856209445333,-1.8540946990818883,0.15659464379900065,0.05381919346440034,0.15656629926916404,0.05548482970790305
2024-01,477.1,0.1655332731940878,6.167726112522061,-1.7985830578822002,6.168220467608775,477.33591511998617,-0.0004943550867135826,-1.8542964172240362,0.1565630590041034,0.055713359341835966,0.15653398899108878,0.05749092744011874
2024-02,478.8,0.1655945216849969,6.171282973683818,-1.798213119190524,6.168320067611161,477.38346014597414,0.0029629060726570344,-1.8544981353661842,0.1565314805797897,0.056285016175660285,0.15650167871301351,0.05810060982577358
2024-03,480.6,0.1657698675496688,6.175035323302368,-1.797154792546292,6.168419667613546,477.4310099076822,0.006615655688822386,-1.8546998535083323,0.15649990852477463,0.05754506096204026,0.15646936843493822,0.059439743431941
2024-04,479.9,0.1652832788014465,6.1735777488642,-1.800094435947905,6.168519267615931,477.4785644055825,0.005058481248268798,-1.8549015716504804,0.15646834283777358,0.05480713570257545,0.15643705815686296,0.056548114294716775
2024-05,480.7,0.1653196684664855,6.175243374899915,-1.7998742947453739,6.168618867618316,477.5261236401468,0.0066245072815984685,-1.8551032897926283,0.15643678351750212,0.055228995047254426,0.1564047478787877,0.05699904068517655
2024-06,482.5,0.1655061228690014,6.178980920779041,-1.7987470886620418,6.168718467620701,477.5736876118469,0.01026245315833929,-1.8553050079347764,0.15640523056267605,0.05655791927273457,0.1563724376007124,0.05840981574778108
2024-07,482.8,0.1657340976966118,6.1796024892233765,-1.7973705960174164,6.168818067623087,477.62125632115453,0.010784421600289917,-1.8555067260769245,0.1563736839720115,0.05813613005950802,0.15634012732263713,0.06008675146201232
2024-08,481.0,0.1649293649705115,6.175867270105761,-1.8022379878265147,6.168917667625472,477.66882976854174,0.0069496024802893075,-1.8557084442190726,0.15634214374422484,0.053470456392557875,0.15630781704456187,0.05515749684797727
2024-09,482.0,0.1652609202496057,6.1779441140506,-1.8002297192288645,6.169017267627857,477.7164079544804,0.008926846422743218,-1.8559101623612204,0.15631060987803272,0.05568044313235587,0.1562755067664866,0.05749726024914114
2024-10,478.6,0.1641570914079917,6.170865175474273,-1.8069314351879382,6.169116867630242,477.76399087944253,0.0017483078440312383,-1.8561118805033685,0.15627908237215196,0.04918044531543031,0.1562431964884113,0.050651132960963
2024-11,477.1,0.1636145404663923,6.167726112522061,-1.8102419806064876,6.169216467632627,477.81157854390005,-0.0014903551105662771,-1.8563135986455166,0.1562475612252997,0.04607161803902904,0.15621088621033605,0.04739525160933606
2024-12,474.9,0.1627930892636775,6.163104255555076,-1.815275275555002,6.1693160676350125,477.85917094832513,-0.006211812079936152,-1.8565153167876647,0.15621604643619338,0.04124004123266278,0.15617857593226078,0.042352245126665924
2025-01,473.4,0.1622455274521899,6.159940697079883,-1.8186444895579121,6.169415667637398,477.9067680931899,-0.00947497055751434,-1.8567170349298125,0.15618453800355067,0.03807254537190041,0.1561462656541855,0.03906120823608001
2025-02,471.2,0.1614140860509728,6.155282632337377,-1.8237822527848615,6.169515267639784,477.95436997896695,-0.014232635302406926,-1.8569187530719606,0.15615303592608945,0.033136500287099135,0.15611395537611022,0.03395039644017396
2025-03,473.0,0.1618145119906948,6.159095388491933,-1.821304587460732,6.169614867642169,478.0019766061276,-0.010519479150236322,-1.8571204712141087,0.15612154020252786,0.03581588375337663,0.15608164509803496,0.03672992355416949
2025-04,471.9,0.1614381991721118,6.156767098732342,-1.823632877220323,6.169714467644554,478.04958797514456,-0.012947368912212376,-1.8573221893562568,0.1560900508315844,0.03368931213593385,0.1560493348199597,0.03453308121030732
2025-05,472.0,0.1613178850951843,6.156978985585555,-1.8243784190605241,6.169814067646939,478.09720408649014,-0.012835082061384284,-1.8575239074984047,0.15605856781197774,0.033145488437880566,0.1560170245418844,0.033976167465473134
2025-06,472.5,0.1615384615384615,6.158037746933798,-1.8230120127321596,6.1699136676493245,478.14482494063674,-0.011875920715526789,-1.8577256256405528,0.1560270911424268,0.03471361290839314,0.15598471426380914,0.03560443278602017
2025-07,467.5,0.1597525970475669,6.147399348728742,-1.8341289289078602,6.17001326765171,478.19245053805673,-0.022613918922967713,-1.8579273437827009,0.1559956208216508,0.02379841487484069,0.15595240398573387,0.024367646568504646
2025-08,466.1,0.1593014115314945,6.144400203378695,-1.8369572012673843,6.170112867654095,478.24008087922255,-0.025712664275399533,-1.858129061924849,0.15596415684836923,0.02117186065746468,0.15592009370765858,0.021686222368334975
2025-09,467.6,0.1596558317399617,6.147613229597914,-1.8347348322081134,6.17021246765648,478.2877159646067,-0.02259923805856623,-1.8583307800669968,0.15593269922130185,0.023595947858883415,0.15588778342958332,0.024171543320971434
2025-10,467.2,0.1593288544828291,6.146757431514017,-1.8367849454942857,6.170312067658865,478.33535579468185,-0.023554636144847763,-1.858532498209145,0.15590124793916854,0.021747552714859175,0.15585547315150805,0.022285911820013896
2025-11,470.1,0.1600394907060666,6.152945438030085,-1.8323346772896771,6.17041166766125,478.3830003699204,-0.017466229631165398,-1.858734216351293,0.1558698030006896,0.02639953906161585,0.15582316287343279,0.027058415160386155
2025-12,476.1,0.1617242433506573,6.1656279162004735,-1.8218625956800845,6.170511267663636,478.4306496907951,-0.0048833514631621,-1.858935934493441,0.15583836440458548,0.037073338813356616,0.1557908525953575,0.0380856170722094
2026-01,,,,,6.170610867666021,478.4783037577787,,-1.859137652635589,0.15580693214957705,,0.15575854231728223,
